Good Words,Bad Words
Outperform,Testify
Voided,Nonperforming
Discrepancy,Renegotiate
Arbitrary,Manipulate
Imbalance,Downsized
Overcharged,Refile
Manipulation,Unpredicted
Distressed,Closeout
Hazard,Collaborates
Unfit,Obligee
Defraud,Writs
Undefined,Pledgors
Malpractice,Idled
Presumes,Friendly
Collapsing,Arbitral
Falsely,Breakthroughs
Unsound,Certiorari
Damaging,Adjournments
Reassignment,Circumvent
Distracting,Foreclosed
Disapproved,Dissenters
Stagnant,Participated
Unsafe,Suggests
Critically,Favoring
Duress,Jeopardized
Pleadings,Recalculate
Investigated,Questionable
sometime,Impeded
Encroachment,Exacerbate
Forfeits,Overstatement
Rejections,Slander
Whereabouts,Unfounded
Unmatched,Worst
Confident,Illicit
Rewarded,Distrubing
Prosperity,Prejudiced
Rectification,Apparently
Forfeitable,Frivolous
Turmoil,Reject
Progresses,Protested
Antecedent,Rejects
Dissolutions,Grievance
Expropriation,Dissenting
Understate,Gratuitous
Misstate,Misapplication
Mutandis,Forego
delisting,Bailee
Uncovers,Persists
Grantors,Ignoring
Predeceases,Recalculate