bad,good
ABANDON,ABLE
ABANDONED,ABUNDANCE
ABANDONING,ABUNDANT
ABANDONMENT,ACCLAIMED
ABANDONMENTS,ACCOMPLISH
ABANDONS,ACCOMPLISHED
ABDICATED,ACCOMPLISHES
ABDICATES,ACCOMPLISHING
ABDICATING,ACCOMPLISHMENT
ABDICATION,ACCOMPLISHMENTS
ABDICATIONS,ACHIEVE
ABERRANT,ACHIEVED
ABERRATION,ACHIEVEMENT
ABERRATIONAL,ACHIEVEMENTS
ABERRATIONS,ACHIEVES
ABETTING,ACHIEVING
ABNORMAL,ADEQUATELY
ABNORMALITIES,ADVANCEMENT
ABNORMALITY,ADVANCEMENTS
ABNORMALLY,ADVANCES
ABOLISH,ADVANCING
ABOLISHED,ADVANTAGE
ABOLISHES,ADVANTAGED
ABOLISHING,ADVANTAGEOUS
ABROGATE,ADVANTAGEOUSLY
ABROGATED,ADVANTAGES
ABROGATES,ALLIANCE
ABROGATING,ALLIANCES
ABROGATION,ASSURE
ABROGATIONS,ASSURED
ABRUPT,ASSURES
ABRUPTLY,ASSURING
ABRUPTNESS,ATTAIN
ABSENCE,ATTAINED
ABSENCES,ATTAINING
ABSENTEEISM,ATTAINMENT
ABUSE,ATTAINMENTS
ABUSED,ATTAINS
ABUSES,ATTRACTIVE
ABUSING,ATTRACTIVENESS
ABUSIVE,BEAUTIFUL
ABUSIVELY,BEAUTIFULLY
ABUSIVENESS,BENEFICIAL
ACCIDENT,BENEFICIALLY
ACCIDENTAL,BENEFIT
ACCIDENTALLY,BENEFITED
ACCIDENTS,BENEFITING
ACCUSATION,BENEFITTED
ACCUSATIONS,BENEFITTING
ACCUSE,BEST
ACCUSED,BETTER
ACCUSES,BOLSTERED
ACCUSING,BOLSTERING
ACQUIESCE,BOLSTERS
ACQUIESCED,BOOM
ACQUIESCES,BOOMING
ACQUIESCING,BOOST
ACQUIT,BOOSTED
ACQUITS,BREAKTHROUGH
ACQUITTAL,BREAKTHROUGHS
ACQUITTALS,BRILLIANT
ACQUITTED,CHARITABLE
ACQUITTING,COLLABORATE
ADULTERATE,COLLABORATED
ADULTERATED,COLLABORATES
ADULTERATING,COLLABORATING
ADULTERATION,COLLABORATION
ADULTERATIONS,COLLABORATIONS
ADVERSARIAL,COLLABORATIVE
ADVERSARIES,COLLABORATOR
ADVERSARY,COLLABORATORS
ADVERSE,COMPLIMENT
ADVERSELY,COMPLIMENTARY
ADVERSITIES,COMPLIMENTED
ADVERSITY,COMPLIMENTING
AFTERMATH,COMPLIMENTS
AFTERMATHS,CONCLUSIVE
AGAINST,CONCLUSIVELY
AGGRAVATE,CONDUCIVE
AGGRAVATED,CONFIDENT
AGGRAVATES,CONSTRUCTIVE
AGGRAVATING,CONSTRUCTIVELY
AGGRAVATION,COURTEOUS
AGGRAVATIONS,CREATIVE
ALERTED,CREATIVELY
ALERTING,CREATIVENESS
ALIENATE,CREATIVITY
ALIENATED,DELIGHT
ALIENATES,DELIGHTED
ALIENATING,DELIGHTFUL
ALIENATION,DELIGHTFULLY
ALIENATIONS,DELIGHTING
ALLEGATION,DELIGHTS
ALLEGATIONS,DEPENDABILITY
ALLEGE,DEPENDABLE
ALLEGED,DESIRABLE
ALLEGEDLY,DESIRED
ALLEGES,DESPITE
ALLEGING,DESTINED
ANNOY,DILIGENT
ANNOYANCE,DILIGENTLY
ANNOYANCES,DISTINCTION
ANNOYED,DISTINCTIONS
ANNOYING,DISTINCTIVE
ANNOYS,DISTINCTIVELY
ANNUL,DISTINCTIVENESS
ANNULLED,DREAM
ANNULLING,EASIER
ANNULMENT,EASILY
ANNULMENTS,EASY
ANNULS,EFFECTIVE
ANOMALIES,EFFICIENCIES
ANOMALOUS,EFFICIENCY
ANOMALOUSLY,EFFICIENT
ANOMALY,EFFICIENTLY
ANTICOMPETITIVE,EMPOWER
ANTITRUST,EMPOWERED
ARGUE,EMPOWERING
ARGUED,EMPOWERS
ARGUING,ENABLE
ARGUMENT,ENABLED
ARGUMENTATIVE,ENABLES
ARGUMENTS,ENABLING
ARREARAGE,ENCOURAGED
ARREARAGES,ENCOURAGEMENT
ARREARS,ENCOURAGES
ARREST,ENCOURAGING
ARRESTED,ENHANCE
ARRESTS,ENHANCED
ARTIFICIALLY,ENHANCEMENT
ASSAULT,ENHANCEMENTS
ASSAULTED,ENHANCES
ASSAULTING,ENHANCING
ASSAULTS,ENJOY
ASSERTIONS,ENJOYABLE
ATTRITION,ENJOYABLY
AVERSELY,ENJOYED
BACKDATING,ENJOYING
BAD,ENJOYMENT
BAIL,ENJOYS
BAILOUT,ENTHUSIASM
BALK,ENTHUSIASTIC
BALKED,ENTHUSIASTICALLY
BANKRUPT,EXCELLENCE
BANKRUPTCIES,EXCELLENT
BANKRUPTCY,EXCELLING
BANKRUPTED,EXCELS
BANKRUPTING,EXCEPTIONAL
BANKRUPTS,EXCEPTIONALLY
BANS,EXCITED
BARRED,EXCITEMENT
BARRIER,EXCITING
BARRIERS,EXCLUSIVE
BOTTLENECK,EXCLUSIVELY
BOTTLENECKS,EXCLUSIVENESS
BOYCOTT,EXCLUSIVES
BOYCOTTED,EXCLUSIVITY
BOYCOTTING,EXEMPLARY
BOYCOTTS,FANTASTIC
BREACH,FAVORABLE
BREACHED,FAVORABLY
BREACHES,FAVORED
BREACHING,FAVORING
BREAK,FAVORITE
BREAKAGE,FAVORITES
BREAKAGES,FRIENDLY
BREAKDOWN,GAIN
BREAKDOWNS,GAINED
BREAKING,GAINING
BREAKS,GAINS
BRIBE,GOOD
BRIBED,GREAT
BRIBERIES,GREATER
BRIBERY,GREATEST
BRIBES,GREATLY
BRIBING,GREATNESS
BRIDGE,HAPPIEST
BROKEN,HAPPILY
BURDEN,HAPPINESS
BURDENED,HAPPY
BURDENING,HIGHEST
BURDENS,HONOR
BURDENSOME,HONORABLE
BURNED,HONORED
CALAMITIES,HONORING
CALAMITOUS,HONORS
CALAMITY,IDEAL
CANCEL,IMPRESS
CANCELED,IMPRESSED
CANCELING,IMPRESSES
CANCELLATION,IMPRESSING
CANCELLATIONS,IMPRESSIVE
CANCELLED,IMPRESSIVELY
CANCELLING,IMPROVE
CANCELS,IMPROVED
CARELESS,IMPROVEMENT
CARELESSLY,IMPROVEMENTS
CARELESSNESS,IMPROVES
CATASTROPHE,IMPROVING
CATASTROPHES,INCREDIBLE
CATASTROPHIC,INCREDIBLY
CATASTROPHICALLY,INFLUENTIAL
CAUTION,INFORMATIVE
CAUTIONARY,INGENUITY
CAUTIONED,INNOVATE
CAUTIONING,INNOVATED
CAUTIONS,INNOVATES
CEASE,INNOVATING
CEASED,INNOVATION
CEASES,INNOVATIONS
CEASING,INNOVATIVE
CENSURE,INNOVATIVENESS
CENSURED,INNOVATOR
CENSURES,INNOVATORS
CENSURING,INSIGHTFUL
CHALLENGE,INSPIRATION
CHALLENGED,INSPIRATIONAL
CHALLENGES,INTEGRITY
CHALLENGING,INVENT
CHARGEOFFS,INVENTED
CIRCUMVENT,INVENTING
CIRCUMVENTED,INVENTION
CIRCUMVENTING,INVENTIONS
CIRCUMVENTION,INVENTIVE
CIRCUMVENTIONS,INVENTIVENESS
CIRCUMVENTS,INVENTOR
CLAIMING,INVENTORS
CLAIMS,LEADERSHIP
CLAWBACK,LEADING
CLOSED,LOYAL
CLOSEOUT,LUCRATIVE
CLOSEOUTS,MERITORIOUS
CLOSING,OPPORTUNITIES
CLOSINGS,OPPORTUNITY
CLOSURE,OPTIMISTIC
CLOSURES,OUTPERFORM
COERCE,OUTPERFORMED
COERCED,OUTPERFORMING
COERCES,OUTPERFORMS
COERCING,PERFECT
COERCION,PERFECTED
COERCIVE,PERFECTLY
COLLAPSE,PERFECTS
COLLAPSED,PLEASANT
COLLAPSES,PLEASANTLY
COLLAPSING,PLEASED
COLLISION,PLEASURE
COLLISIONS,PLENTIFUL
COLLUDE,POPULAR
COLLUDED,POPULARITY
COLLUDES,POSITIVE
COLLUDING,POSITIVELY
COLLUSION,PREEMINENCE
COLLUSIONS,PREEMINENT
COLLUSIVE,PREMIER
COMPLAIN,PREMIERE
COMPLAINED,PRESTIGE
COMPLAINING,PRESTIGIOUS
COMPLAINS,PROACTIVE
COMPLAINT,PROACTIVELY
COMPLAINTS,PROFICIENCY
COMPLICATE,PROFICIENT
COMPLICATED,PROFICIENTLY
COMPLICATES,PROFITABILITY
COMPLICATING,PROFITABLE
COMPLICATION,PROFITABLY
COMPLICATIONS,PROGRESS
COMPULSION,PROGRESSED
CONCEALED,PROGRESSES
CONCEALING,PROGRESSING
CONCEDE,PROSPERED
CONCEDED,PROSPERING
CONCEDES,PROSPERITY
CONCEDING,PROSPEROUS
CONCERN,PROSPERS
CONCERNED,REBOUND
CONCERNS,REBOUNDED
CONCILIATING,REBOUNDING
CONCILIATION,RECEPTIVE
CONCILIATIONS,REGAIN
CONDEMN,REGAINED
CONDEMNATION,REGAINING
CONDEMNATIONS,RESOLVE
CONDEMNED,REVOLUTIONIZE
CONDEMNING,REVOLUTIONIZED
CONDEMNS,REVOLUTIONIZES
CONDONE,REVOLUTIONIZING
CONDONED,REWARD
CONFESS,REWARDED
CONFESSED,REWARDING
CONFESSES,REWARDS
CONFESSING,SATISFACTION
CONFESSION,SATISFACTORILY
CONFINE,SATISFACTORY
CONFINED,SATISFIED
CONFINEMENT,SATISFIES
CONFINEMENTS,SATISFY
CONFINES,SATISFYING
CONFINING,SMOOTH
CONFISCATE,SMOOTHING
CONFISCATED,SMOOTHLY
CONFISCATES,SMOOTHS
CONFISCATING,SOLVES
CONFISCATION,SOLVING
CONFISCATIONS,SPECTACULAR
CONFLICT,SPECTACULARLY
CONFLICTED,STABILITY
CONFLICTING,STABILIZATION
CONFLICTS,STABILIZATIONS
CONFRONT,STABILIZE
CONFRONTATION,STABILIZED
CONFRONTATIONAL,STABILIZES
CONFRONTATIONS,STABILIZING
CONFRONTED,STABLE
CONFRONTING,STRENGTH
CONFRONTS,STRENGTHEN
CONFUSE,STRENGTHENED
CONFUSED,STRENGTHENING
CONFUSES,STRENGTHENS
CONFUSING,STRENGTHS
CONFUSINGLY,STRONG
CONFUSION,STRONGER
CONSPIRACIES,STRONGEST
CONSPIRACY,SUCCEED
CONSPIRATOR,SUCCEEDED
CONSPIRATORIAL,SUCCEEDING
CONSPIRATORS,SUCCEEDS
CONSPIRE,SUCCESS
CONSPIRED,SUCCESSES
CONSPIRES,SUCCESSFUL
CONSPIRING,SUCCESSFULLY
CONTEMPT,SUPERIOR
CONTEND,SURPASS
CONTENDED,SURPASSED
CONTENDING,SURPASSES
CONTENDS,SURPASSING
CONTENTION,TRANSPARENCY
CONTENTIONS,TREMENDOUS
CONTENTIOUS,TREMENDOUSLY
CONTENTIOUSLY,UNMATCHED
CONTESTED,UNPARALLELED
CONTESTING,UNSURPASSED
CONTRACTION,UPTURN
CONTRACTIONS,UPTURNS
CONTRADICT,VALUABLE
CONTRADICTED,VERSATILE
CONTRADICTING,VERSATILITY
CONTRADICTION,VIBRANCY
CONTRADICTIONS,VIBRANT
CONTRADICTORY,WIN
CONTRADICTS,WINNER
CONTRARY,WINNERS
CONTROVERSIAL,WINNING
CONTROVERSIES,WORTHY
CONTROVERSY,
CONVICT,
CONVICTED,
CONVICTING,
CONVICTION,
CONVICTIONS,
CORRECTED,
CORRECTING,
CORRECTION,
CORRECTIONS,
CORRECTS,
CORRUPT,
CORRUPTED,
CORRUPTING,
CORRUPTION,
CORRUPTIONS,
CORRUPTLY,
CORRUPTNESS,
COSTLY,
COUNTERCLAIM,
COUNTERCLAIMED,
COUNTERCLAIMING,
COUNTERCLAIMS,
COUNTERFEIT,
COUNTERFEITED,
COUNTERFEITER,
COUNTERFEITERS,
COUNTERFEITING,
COUNTERFEITS,
COUNTERMEASURE,
COUNTERMEASURES,
CRIME,
CRIMES,
CRIMINAL,
CRIMINALLY,
CRIMINALS,
CRISES,
CRISIS,
CRITICAL,
CRITICALLY,
CRITICISM,
CRITICISMS,
CRITICIZE,
CRITICIZED,
CRITICIZES,
CRITICIZING,
CRUCIAL,
CRUCIALLY,
CULPABILITY,
CULPABLE,
CULPABLY,
CUMBERSOME,
CURTAIL,
CURTAILED,
CURTAILING,
CURTAILMENT,
CURTAILMENTS,
CURTAILS,
CUT,
CUTBACK,
CUTBACKS,
CYBERATTACK,
CYBERATTACKS,
CYBERBULLYING,
CYBERCRIME,
CYBERCRIMES,
CYBERCRIMINAL,
CYBERCRIMINALS,
DAMAGE,
DAMAGED,
DAMAGES,
DAMAGING,
DAMPEN,
DAMPENED,
DANGER,
DANGEROUS,
DANGEROUSLY,
DANGERS,
DEADLOCK,
DEADLOCKED,
DEADLOCKING,
DEADLOCKS,
DEADWEIGHT,
DEADWEIGHTS,
DEBARMENT,
DEBARMENTS,
DEBARRED,
DECEASED,
DECEIT,
DECEITFUL,
DECEITFULNESS,
DECEIVE,
DECEIVED,
DECEIVES,
DECEIVING,
DECEPTION,
DECEPTIONS,
DECEPTIVE,
DECEPTIVELY,
DECLINE,
DECLINED,
DECLINES,
DECLINING,
DEFACE,
DEFACED,
DEFACEMENT,
DEFAMATION,
DEFAMATIONS,
DEFAMATORY,
DEFAME,
DEFAMED,
DEFAMES,
DEFAMING,
DEFAULT,
DEFAULTED,
DEFAULTING,
DEFAULTS,
DEFEAT,
DEFEATED,
DEFEATING,
DEFEATS,
DEFECT,
DEFECTIVE,
DEFECTS,
DEFEND,
DEFENDANT,
DEFENDANTS,
DEFENDED,
DEFENDING,
DEFENDS,
DEFENSIVE,
DEFER,
DEFICIENCIES,
DEFICIENCY,
DEFICIENT,
DEFICIT,
DEFICITS,
DEFRAUD,
DEFRAUDED,
DEFRAUDING,
DEFRAUDS,
DEFUNCT,
DEGRADATION,
DEGRADATIONS,
DEGRADE,
DEGRADED,
DEGRADES,
DEGRADING,
DELAY,
DELAYED,
DELAYING,
DELAYS,
DELETERIOUS,
DELIBERATE,
DELIBERATED,
DELIBERATELY,
DELINQUENCIES,
DELINQUENCY,
DELINQUENT,
DELINQUENTLY,
DELINQUENTS,
DELIST,
DELISTED,
DELISTING,
DELISTS,
DEMISE,
DEMISED,
DEMISES,
DEMISING,
DEMOLISH,
DEMOLISHED,
DEMOLISHES,
DEMOLISHING,
DEMOLITION,
DEMOLITIONS,
DEMOTE,
DEMOTED,
DEMOTES,
DEMOTING,
DEMOTION,
DEMOTIONS,
DENIAL,
DENIALS,
DENIED,
DENIES,
DENIGRATE,
DENIGRATED,
DENIGRATES,
DENIGRATING,
DENIGRATION,
DENY,
DENYING,
DEPLETE,
DEPLETED,
DEPLETES,
DEPLETING,
DEPLETION,
DEPLETIONS,
DEPRECATION,
DEPRESS,
DEPRESSED,
DEPRESSES,
DEPRESSING,
DEPRIVATION,
DEPRIVE,
DEPRIVED,
DEPRIVES,
DEPRIVING,
DERELICT,
DERELICTION,
DEROGATORY,
DESTABILIZATION,
DESTABILIZE,
DESTABILIZED,
DESTABILIZING,
DESTROY,
DESTROYED,
DESTROYING,
DESTROYS,
DESTRUCTION,
DESTRUCTIVE,
DETAIN,
DETAINED,
DETENTION,
DETENTIONS,
DETER,
DETERIORATE,
DETERIORATED,
DETERIORATES,
DETERIORATING,
DETERIORATION,
DETERIORATIONS,
DETERRED,
DETERRENCE,
DETERRENCES,
DETERRENT,
DETERRENTS,
DETERRING,
DETERS,
DETRACT,
DETRACTED,
DETRACTING,
DETRIMENT,
DETRIMENTAL,
DETRIMENTALLY,
DETRIMENTS,
DEVALUE,
DEVALUED,
DEVALUES,
DEVALUING,
DEVASTATE,
DEVASTATED,
DEVASTATING,
DEVASTATION,
DEVIATE,
DEVIATED,
DEVIATES,
DEVIATING,
DEVIATION,
DEVIATIONS,
DEVOLVE,
DEVOLVED,
DEVOLVES,
DEVOLVING,
DIFFICULT,
DIFFICULTIES,
DIFFICULTLY,
DIFFICULTY,
DIMINISH,
DIMINISHED,
DIMINISHES,
DIMINISHING,
DIMINUTION,
DISADVANTAGE,
DISADVANTAGED,
DISADVANTAGEOUS,
DISADVANTAGES,
DISAFFILIATION,
DISAGREE,
DISAGREEABLE,
DISAGREED,
DISAGREEING,
DISAGREEMENT,
DISAGREEMENTS,
DISAGREES,
DISALLOW,
DISALLOWANCE,
DISALLOWANCES,
DISALLOWED,
DISALLOWING,
DISALLOWS,
DISAPPEAR,
DISAPPEARANCE,
DISAPPEARANCES,
DISAPPEARED,
DISAPPEARING,
DISAPPEARS,
DISAPPOINT,
DISAPPOINTED,
DISAPPOINTING,
DISAPPOINTINGLY,
DISAPPOINTMENT,
DISAPPOINTMENTS,
DISAPPOINTS,
DISAPPROVAL,
DISAPPROVALS,
DISAPPROVE,
DISAPPROVED,
DISAPPROVES,
DISAPPROVING,
DISASSOCIATES,
DISASSOCIATING,
DISASSOCIATION,
DISASSOCIATIONS,
DISASTER,
DISASTERS,
DISASTROUS,
DISASTROUSLY,
DISAVOW,
DISAVOWAL,
DISAVOWED,
DISAVOWING,
DISAVOWS,
DISCIPLINARY,
DISCLAIM,
DISCLAIMED,
DISCLAIMER,
DISCLAIMERS,
DISCLAIMING,
DISCLAIMS,
DISCLOSE,
DISCLOSED,
DISCLOSES,
DISCLOSING,
DISCONTINUANCE,
DISCONTINUANCES,
DISCONTINUATION,
DISCONTINUATIONS,
DISCONTINUE,
DISCONTINUED,
DISCONTINUES,
DISCONTINUING,
DISCOURAGE,
DISCOURAGED,
DISCOURAGES,
DISCOURAGING,
DISCREDIT,
DISCREDITED,
DISCREDITING,
DISCREDITS,
DISCREPANCIES,
DISCREPANCY,
DISFAVOR,
DISFAVORED,
DISFAVORING,
DISFAVORS,
DISGORGE,
DISGORGED,
DISGORGEMENT,
DISGORGEMENTS,
DISGORGES,
DISGORGING,
DISGRACE,
DISGRACEFUL,
DISGRACEFULLY,
DISHONEST,
DISHONESTLY,
DISHONESTY,
DISHONOR,
DISHONORABLE,
DISHONORABLY,
DISHONORED,
DISHONORING,
DISHONORS,
DISINCENTIVES,
DISINTERESTED,
DISINTERESTEDLY,
DISINTERESTEDNESS,
DISLOYAL,
DISLOYALLY,
DISLOYALTY,
DISMAL,
DISMALLY,
DISMISS,
DISMISSAL,
DISMISSALS,
DISMISSED,
DISMISSES,
DISMISSING,
DISORDERLY,
DISPARAGE,
DISPARAGED,
DISPARAGEMENT,
DISPARAGEMENTS,
DISPARAGES,
DISPARAGING,
DISPARAGINGLY,
DISPARITIES,
DISPARITY,
DISPLACE,
DISPLACED,
DISPLACEMENT,
DISPLACEMENTS,
DISPLACES,
DISPLACING,
DISPOSE,
DISPOSSESS,
DISPOSSESSED,
DISPOSSESSES,
DISPOSSESSING,
DISPROPORTION,
DISPROPORTIONAL,
DISPROPORTIONATE,
DISPROPORTIONATELY,
DISPUTE,
DISPUTED,
DISPUTES,
DISPUTING,
DISQUALIFICATION,
DISQUALIFICATIONS,
DISQUALIFIED,
DISQUALIFIES,
DISQUALIFY,
DISQUALIFYING,
DISREGARD,
DISREGARDED,
DISREGARDING,
DISREGARDS,
DISREPUTABLE,
DISREPUTE,
DISRUPT,
DISRUPTED,
DISRUPTING,
DISRUPTION,
DISRUPTIONS,
DISRUPTIVE,
DISRUPTS,
DISSATISFACTION,
DISSATISFIED,
DISSENT,
DISSENTED,
DISSENTER,
DISSENTERS,
DISSENTING,
DISSENTS,
DISSIDENT,
DISSIDENTS,
DISSOLUTION,
DISSOLUTIONS,
DISTORT,
DISTORTED,
DISTORTING,
DISTORTION,
DISTORTIONS,
DISTORTS,
DISTRACT,
DISTRACTED,
DISTRACTING,
DISTRACTION,
DISTRACTIONS,
DISTRACTS,
DISTRESS,
DISTRESSED,
DISTURB,
DISTURBANCE,
DISTURBANCES,
DISTURBED,
DISTURBING,
DISTURBS,
DIVERSION,
DIVERT,
DIVERTED,
DIVERTING,
DIVERTS,
DIVEST,
DIVESTED,
DIVESTING,
DIVESTITURE,
DIVESTITURES,
DIVESTMENT,
DIVESTMENTS,
DIVESTS,
DIVORCE,
DIVORCED,
DIVULGE,
DIVULGED,
DIVULGES,
DIVULGING,
DOUBT,
DOUBTED,
DOUBTFUL,
DOUBTS,
DOWNGRADE,
DOWNGRADED,
DOWNGRADES,
DOWNGRADING,
DOWNSIZE,
DOWNSIZED,
DOWNSIZES,
DOWNSIZING,
DOWNSIZINGS,
DOWNTIME,
DOWNTIMES,
DOWNTURN,
DOWNTURNS,
DOWNWARD,
DOWNWARDS,
DRAG,
DRASTIC,
DRASTICALLY,
DRAWBACK,
DRAWBACKS,
DROPPED,
DROUGHT,
DROUGHTS,
DURESS,
DYSFUNCTION,
DYSFUNCTIONAL,
DYSFUNCTIONS,
EASING,
EGREGIOUS,
EGREGIOUSLY,
EMBARGO,
EMBARGOED,
EMBARGOES,
EMBARGOING,
EMBARRASS,
EMBARRASSED,
EMBARRASSES,
EMBARRASSING,
EMBARRASSMENT,
EMBARRASSMENTS,
EMBEZZLE,
EMBEZZLED,
EMBEZZLEMENT,
EMBEZZLEMENTS,
EMBEZZLER,
EMBEZZLES,
EMBEZZLING,
ENCROACH,
ENCROACHED,
ENCROACHES,
ENCROACHING,
ENCROACHMENT,
ENCROACHMENTS,
ENCUMBER,
ENCUMBERED,
ENCUMBERING,
ENCUMBERS,
ENCUMBRANCE,
ENCUMBRANCES,
ENDANGER,
ENDANGERED,
ENDANGERING,
ENDANGERMENT,
ENDANGERS,
ENJOIN,
ENJOINED,
ENJOINING,
ENJOINS,
ERODE,
ERODED,
ERODES,
ERODING,
EROSION,
ERRATIC,
ERRATICALLY,
ERRED,
ERRING,
ERRONEOUS,
ERRONEOUSLY,
ERROR,
ERRORS,
ERRS,
ESCALATE,
ESCALATED,
ESCALATES,
ESCALATING,
EVADE,
EVADED,
EVADES,
EVADING,
EVASION,
EVASIONS,
EVASIVE,
EVICT,
EVICTED,
EVICTING,
EVICTION,
EVICTIONS,
EVICTS,
EXACERBATE,
EXACERBATED,
EXACERBATES,
EXACERBATING,
EXACERBATION,
EXACERBATIONS,
EXAGGERATE,
EXAGGERATED,
EXAGGERATES,
EXAGGERATING,
EXAGGERATION,
EXCESSIVE,
EXCESSIVELY,
EXCULPATE,
EXCULPATED,
EXCULPATES,
EXCULPATING,
EXCULPATION,
EXCULPATIONS,
EXCULPATORY,
EXONERATE,
EXONERATED,
EXONERATES,
EXONERATING,
EXONERATION,
EXONERATIONS,
EXPLOIT,
EXPLOITATION,
EXPLOITATIONS,
EXPLOITATIVE,
EXPLOITED,
EXPLOITING,
EXPLOITS,
EXPOSE,
EXPOSED,
EXPOSES,
EXPOSING,
EXPROPRIATE,
EXPROPRIATED,
EXPROPRIATES,
EXPROPRIATING,
EXPROPRIATION,
EXPROPRIATIONS,
EXPULSION,
EXPULSIONS,
EXTENUATING,
FAIL,
FAILED,
FAILING,
FAILINGS,
FAILS,
FAILURE,
FAILURES,
FALLOUT,
FALSE,
FALSELY,
FALSIFICATION,
FALSIFICATIONS,
FALSIFIED,
FALSIFIES,
FALSIFY,
FALSIFYING,
FALSITY,
FATALITIES,
FATALITY,
FATALLY,
FAULT,
FAULTED,
FAULTS,
FAULTY,
FEAR,
FEARS,
FELONIES,
FELONIOUS,
FELONY,
FICTITIOUS,
FINED,
FINES,
FIRED,
FIRING,
FLAW,
FLAWED,
FLAWS,
FORBID,
FORBIDDEN,
FORBIDDING,
FORBIDS,
FORCE,
FORCED,
FORCING,
FORECLOSE,
FORECLOSED,
FORECLOSES,
FORECLOSING,
FORECLOSURE,
FORECLOSURES,
FOREGO,
FOREGOES,
FOREGONE,
FORESTALL,
FORESTALLED,
FORESTALLING,
FORESTALLS,
FORFEIT,
FORFEITED,
FORFEITING,
FORFEITS,
FORFEITURE,
FORFEITURES,
FORGERS,
FORGERY,
FRAUD,
FRAUDS,
FRAUDULENCE,
FRAUDULENT,
FRAUDULENTLY,
FRIVOLOUS,
FRIVOLOUSLY,
FRUSTRATE,
FRUSTRATED,
FRUSTRATES,
FRUSTRATING,
FRUSTRATINGLY,
FRUSTRATION,
FRUSTRATIONS,
FUGITIVE,
FUGITIVES,
GRATUITOUS,
GRATUITOUSLY,
GRIEVANCE,
GRIEVANCES,
GROSSLY,
GROUNDLESS,
GUILTY,
HALT,
HALTED,
HAMPER,
HAMPERED,
HAMPERING,
HAMPERS,
HARASS,
HARASSED,
HARASSING,
HARASSMENT,
HARDSHIP,
HARDSHIPS,
HARM,
HARMED,
HARMFUL,
HARMFULLY,
HARMING,
HARMS,
HARSH,
HARSHER,
HARSHEST,
HARSHLY,
HARSHNESS,
HAZARD,
HAZARDOUS,
HAZARDS,
HINDER,
HINDERED,
HINDERING,
HINDERS,
HINDRANCE,
HINDRANCES,
HOSTILE,
HOSTILITY,
HURT,
HURTING,
IDLE,
IDLED,
IDLING,
IGNORE,
IGNORED,
IGNORES,
IGNORING,
ILL,
ILLEGAL,
ILLEGALITIES,
ILLEGALITY,
ILLEGALLY,
ILLEGIBLE,
ILLICIT,
ILLICITLY,
ILLIQUID,
ILLIQUIDITY,
IMBALANCE,
IMBALANCES,
IMMATURE,
IMMORAL,
IMPAIR,
IMPAIRED,
IMPAIRING,
IMPAIRMENT,
IMPAIRMENTS,
IMPAIRS,
IMPASSE,
IMPASSES,
IMPEDE,
IMPEDED,
IMPEDES,
IMPEDIMENT,
IMPEDIMENTS,
IMPEDING,
IMPENDING,
IMPERATIVE,
IMPERFECTION,
IMPERFECTIONS,
IMPERIL,
IMPERMISSIBLE,
IMPLICATE,
IMPLICATED,
IMPLICATES,
IMPLICATING,
IMPOSSIBILITY,
IMPOSSIBLE,
IMPOUND,
IMPOUNDED,
IMPOUNDING,
IMPOUNDS,
IMPRACTICABLE,
IMPRACTICAL,
IMPRACTICALITIES,
IMPRACTICALITY,
IMPRISONMENT,
IMPROPER,
IMPROPERLY,
IMPROPRIETIES,
IMPROPRIETY,
IMPRUDENT,
IMPRUDENTLY,
INABILITY,
INACCESSIBLE,
INACCURACIES,
INACCURACY,
INACCURATE,
INACCURATELY,
INACTION,
INACTIONS,
INACTIVATE,
INACTIVATED,
INACTIVATES,
INACTIVATING,
INACTIVATION,
INACTIVATIONS,
INACTIVITY,
INADEQUACIES,
INADEQUACY,
INADEQUATE,
INADEQUATELY,
INADVERTENT,
INADVERTENTLY,
INADVISABILITY,
INADVISABLE,
INAPPROPRIATE,
INAPPROPRIATELY,
INATTENTION,
INCAPABLE,
INCAPACITATED,
INCAPACITY,
INCARCERATE,
INCARCERATED,
INCARCERATES,
INCARCERATING,
INCARCERATION,
INCARCERATIONS,
INCIDENCE,
INCIDENCES,
INCIDENT,
INCIDENTS,
INCOMPATIBILITIES,
INCOMPATIBILITY,
INCOMPATIBLE,
INCOMPETENCE,
INCOMPETENCY,
INCOMPETENT,
INCOMPETENTLY,
INCOMPETENTS,
INCOMPLETE,
INCOMPLETELY,
INCOMPLETENESS,
INCONCLUSIVE,
INCONSISTENCIES,
INCONSISTENCY,
INCONSISTENT,
INCONSISTENTLY,
INCONVENIENCE,
INCONVENIENCES,
INCONVENIENT,
INCORRECT,
INCORRECTLY,
INCORRECTNESS,
INDECENCY,
INDECENT,
INDEFEASIBLE,
INDEFEASIBLY,
INDICT,
INDICTABLE,
INDICTED,
INDICTING,
INDICTMENT,
INDICTMENTS,
INEFFECTIVE,
INEFFECTIVELY,
INEFFECTIVENESS,
INEFFICIENCIES,
INEFFICIENCY,
INEFFICIENT,
INEFFICIENTLY,
INELIGIBILITY,
INELIGIBLE,
INEQUITABLE,
INEQUITABLY,
INEQUITIES,
INEQUITY,
INEVITABLE,
INEXPERIENCE,
INEXPERIENCED,
INFERIOR,
INFLICTED,
INFRACTION,
INFRACTIONS,
INFRINGE,
INFRINGED,
INFRINGEMENT,
INFRINGEMENTS,
INFRINGES,
INFRINGING,
INHIBITED,
INIMICAL,
INJUNCTION,
INJUNCTIONS,
INJURE,
INJURED,
INJURES,
INJURIES,
INJURING,
INJURIOUS,
INJURY,
INORDINATE,
INORDINATELY,
INQUIRY,
INSECURE,
INSENSITIVE,
INSOLVENCIES,
INSOLVENCY,
INSOLVENT,
INSTABILITY,
INSUBORDINATION,
INSUFFICIENCY,
INSUFFICIENT,
INSUFFICIENTLY,
INSURRECTION,
INSURRECTIONS,
INTENTIONAL,
INTERFERE,
INTERFERED,
INTERFERENCE,
INTERFERENCES,
INTERFERES,
INTERFERING,
INTERMITTENT,
INTERMITTENTLY,
INTERRUPT,
INTERRUPTED,
INTERRUPTING,
INTERRUPTION,
INTERRUPTIONS,
INTERRUPTS,
INTIMIDATION,
INTRUSION,
INVALID,
INVALIDATE,
INVALIDATED,
INVALIDATES,
INVALIDATING,
INVALIDATION,
INVALIDITY,
INVESTIGATE,
INVESTIGATED,
INVESTIGATES,
INVESTIGATING,
INVESTIGATION,
INVESTIGATIONS,
INVOLUNTARILY,
INVOLUNTARY,
IRRECONCILABLE,
IRRECONCILABLY,
IRRECOVERABLE,
IRRECOVERABLY,
IRREGULAR,
IRREGULARITIES,
IRREGULARITY,
IRREGULARLY,
IRREPARABLE,
IRREPARABLY,
IRREVERSIBLE,
JEOPARDIZE,
JEOPARDIZED,
JUSTIFIABLE,
KICKBACK,
KICKBACKS,
KNOWINGLY,
LACK,
LACKED,
LACKING,
LACKLUSTER,
LACKS,
LAG,
LAGGED,
LAGGING,
LAGS,
LAPSE,
LAPSED,
LAPSES,
LAPSING,
LATE,
LAUNDERING,
LAYOFF,
LAYOFFS,
LIE,
LIMITATION,
LIMITATIONS,
LINGERING,
LIQUIDATE,
LIQUIDATED,
LIQUIDATES,
LIQUIDATING,
LIQUIDATION,
LIQUIDATIONS,
LIQUIDATOR,
LIQUIDATORS,
LITIGANT,
LITIGANTS,
LITIGATE,
LITIGATED,
LITIGATES,
LITIGATING,
LITIGATION,
LITIGATIONS,
LOCKOUT,
LOCKOUTS,
LOSE,
LOSES,
LOSING,
LOSS,
LOSSES,
LOST,
LYING,
MALFEASANCE,
MALFUNCTION,
MALFUNCTIONED,
MALFUNCTIONING,
MALFUNCTIONS,
MALICE,
MALICIOUS,
MALICIOUSLY,
MALPRACTICE,
MANIPULATE,
MANIPULATED,
MANIPULATES,
MANIPULATING,
MANIPULATION,
MANIPULATIONS,
MANIPULATIVE,
MARKDOWN,
MARKDOWNS,
MISAPPLICATION,
MISAPPLICATIONS,
MISAPPLIED,
MISAPPLIES,
MISAPPLY,
MISAPPLYING,
MISAPPROPRIATE,
MISAPPROPRIATED,
MISAPPROPRIATES,
MISAPPROPRIATING,
MISAPPROPRIATION,
MISAPPROPRIATIONS,
MISBRANDED,
MISCALCULATE,
MISCALCULATED,
MISCALCULATES,
MISCALCULATING,
MISCALCULATION,
MISCALCULATIONS,
MISCHARACTERIZATION,
MISCHIEF,
MISCLASSIFICATION,
MISCLASSIFICATIONS,
MISCLASSIFIED,
MISCLASSIFY,
MISCOMMUNICATION,
MISCONDUCT,
MISDATED,
MISDEMEANOR,
MISDEMEANORS,
MISDIRECTED,
MISHANDLE,
MISHANDLED,
MISHANDLES,
MISHANDLING,
MISINFORM,
MISINFORMATION,
MISINFORMED,
MISINFORMING,
MISINFORMS,
MISINTERPRET,
MISINTERPRETATION,
MISINTERPRETATIONS,
MISINTERPRETED,
MISINTERPRETING,
MISINTERPRETS,
MISJUDGE,
MISJUDGED,
MISJUDGES,
MISJUDGING,
MISJUDGMENT,
MISJUDGMENTS,
MISLABEL,
MISLABELED,
MISLABELING,
MISLABELLED,
MISLABELS,
MISLEAD,
MISLEADING,
MISLEADINGLY,
MISLEADS,
MISLED,
MISMANAGE,
MISMANAGED,
MISMANAGEMENT,
MISMANAGES,
MISMANAGING,
MISMATCH,
MISMATCHED,
MISMATCHES,
MISMATCHING,
MISPLACED,
MISPRICE,
MISPRICING,
MISPRICINGS,
MISREPRESENT,
MISREPRESENTATION,
MISREPRESENTATIONS,
MISREPRESENTED,
MISREPRESENTING,
MISREPRESENTS,
MISS,
MISSED,
MISSES,
MISSTATE,
MISSTATED,
MISSTATEMENT,
MISSTATEMENTS,
MISSTATES,
MISSTATING,
MISSTEP,
MISSTEPS,
MISTAKE,
MISTAKEN,
MISTAKENLY,
MISTAKES,
MISTAKING,
MISTRIAL,
MISTRIALS,
MISUNDERSTAND,
MISUNDERSTANDING,
MISUNDERSTANDINGS,
MISUNDERSTOOD,
MISUSE,
MISUSED,
MISUSES,
MISUSING,
MONOPOLISTIC,
MONOPOLISTS,
MONOPOLIZATION,
MONOPOLIZE,
MONOPOLIZED,
MONOPOLIZES,
MONOPOLIZING,
MONOPOLY,
MORATORIA,
MORATORIUM,
MORATORIUMS,
MOTHBALLED,
MOTHBALLING,
NEGATIVE,
NEGATIVELY,
NEGATIVES,
NEGLECT,
NEGLECTED,
NEGLECTFUL,
NEGLECTING,
NEGLECTS,
NEGLIGENCE,
NEGLIGENCES,
NEGLIGENT,
NEGLIGENTLY,
NONATTAINMENT,
NONCOMPETITIVE,
NONCOMPLIANCE,
NONCOMPLIANCES,
NONCOMPLIANT,
NONCOMPLYING,
NONCONFORMING,
NONCONFORMITIES,
NONCONFORMITY,
NONDISCLOSURE,
NONFUNCTIONAL,
NONPAYMENT,
NONPAYMENTS,
NONPERFORMANCE,
NONPERFORMANCES,
NONPERFORMING,
NONPRODUCING,
NONPRODUCTIVE,
NONRECOVERABLE,
NONRENEWAL,
NUISANCE,
NUISANCES,
NULLIFICATION,
NULLIFICATIONS,
NULLIFIED,
NULLIFIES,
NULLIFY,
NULLIFYING,
OBJECTED,
OBJECTING,
OBJECTION,
OBJECTIONABLE,
OBJECTIONABLY,
OBJECTIONS,
OBSCENE,
OBSCENITY,
OBSOLESCENCE,
OBSOLETE,
OBSTACLE,
OBSTACLES,
OBSTRUCT,
OBSTRUCTED,
OBSTRUCTING,
OBSTRUCTION,
OBSTRUCTIONS,
OFFENCE,
OFFENCES,
OFFEND,
OFFENDED,
OFFENDER,
OFFENDERS,
OFFENDING,
OFFENDS,
OMISSION,
OMISSIONS,
OMIT,
OMITS,
OMITTED,
OMITTING,
ONEROUS,
OPPORTUNISTIC,
OPPORTUNISTICALLY,
OPPOSE,
OPPOSED,
OPPOSES,
OPPOSING,
OPPOSITION,
OPPOSITIONS,
OUTAGE,
OUTAGES,
OUTDATED,
OUTMODED,
OVERAGE,
OVERAGES,
OVERBUILD,
OVERBUILDING,
OVERBUILDS,
OVERBUILT,
OVERBURDEN,
OVERBURDENED,
OVERBURDENING,
OVERCAPACITIES,
OVERCAPACITY,
OVERCHARGE,
OVERCHARGED,
OVERCHARGES,
OVERCHARGING,
OVERCOME,
OVERCOMES,
OVERCOMING,
OVERDUE,
OVERESTIMATE,
OVERESTIMATED,
OVERESTIMATES,
OVERESTIMATING,
OVERESTIMATION,
OVERESTIMATIONS,
OVERLOAD,
OVERLOADED,
OVERLOADING,
OVERLOADS,
OVERLOOK,
OVERLOOKED,
OVERLOOKING,
OVERLOOKS,
OVERPAID,
OVERPAYMENT,
OVERPAYMENTS,
OVERPRODUCED,
OVERPRODUCES,
OVERPRODUCING,
OVERPRODUCTION,
OVERRUN,
OVERRUNNING,
OVERRUNS,
OVERSHADOW,
OVERSHADOWED,
OVERSHADOWING,
OVERSHADOWS,
OVERSTATE,
OVERSTATED,
OVERSTATEMENT,
OVERSTATEMENTS,
OVERSTATES,
OVERSTATING,
OVERSUPPLIED,
OVERSUPPLIES,
OVERSUPPLY,
OVERSUPPLYING,
OVERTLY,
OVERTURN,
OVERTURNED,
OVERTURNING,
OVERTURNS,
OVERVALUE,
OVERVALUED,
OVERVALUING,
PANIC,
PANICS,
PENALIZE,
PENALIZED,
PENALIZES,
PENALIZING,
PENALTIES,
PENALTY,
PERIL,
PERILS,
PERJURY,
PERPETRATE,
PERPETRATED,
PERPETRATES,
PERPETRATING,
PERPETRATION,
PERSIST,
PERSISTED,
PERSISTENCE,
PERSISTENT,
PERSISTENTLY,
PERSISTING,
PERSISTS,
PERVASIVE,
PERVASIVELY,
PERVASIVENESS,
PETTY,
PICKET,
PICKETED,
PICKETING,
PLAINTIFF,
PLAINTIFFS,
PLEA,
PLEAD,
PLEADED,
PLEADING,
PLEADINGS,
PLEADS,
PLEAS,
PLED,
POOR,
POORLY,
POSES,
POSING,
POSTPONE,
POSTPONED,
POSTPONEMENT,
POSTPONEMENTS,
POSTPONES,
POSTPONING,
PRECIPITATED,
PRECIPITOUS,
PRECIPITOUSLY,
PRECLUDE,
PRECLUDED,
PRECLUDES,
PRECLUDING,
PREDATORY,
PREJUDICE,
PREJUDICED,
PREJUDICES,
PREJUDICIAL,
PREJUDICING,
PREMATURE,
PREMATURELY,
PRESSING,
PRETRIAL,
PREVENTING,
PREVENTION,
PREVENTS,
PROBLEM,
PROBLEMATIC,
PROBLEMATICAL,
PROBLEMS,
PROLONG,
PROLONGATION,
PROLONGATIONS,
PROLONGED,
PROLONGING,
PROLONGS,
PRONE,
PROSECUTE,
PROSECUTED,
PROSECUTES,
PROSECUTING,
PROSECUTION,
PROSECUTIONS,
PROTEST,
PROTESTED,
PROTESTER,
PROTESTERS,
PROTESTING,
PROTESTOR,
PROTESTORS,
PROTESTS,
PROTRACTED,
PROTRACTION,
PROVOKE,
PROVOKED,
PROVOKES,
PROVOKING,
PUNISHED,
PUNISHES,
PUNISHING,
PUNISHMENT,
PUNISHMENTS,
PUNITIVE,
PURPORT,
PURPORTED,
PURPORTEDLY,
PURPORTING,
PURPORTS,
QUESTION,
QUESTIONABLE,
QUESTIONABLY,
QUESTIONED,
QUESTIONING,
QUESTIONS,
QUIT,
QUITTING,
RACKETEER,
RACKETEERING,
RATIONALIZATION,
RATIONALIZATIONS,
RATIONALIZE,
RATIONALIZED,
RATIONALIZES,
RATIONALIZING,
REASSESSMENT,
REASSESSMENTS,
REASSIGN,
REASSIGNED,
REASSIGNING,
REASSIGNMENT,
REASSIGNMENTS,
REASSIGNS,
RECALL,
RECALLED,
RECALLING,
RECALLS,
RECESSION,
RECESSIONARY,
RECESSIONS,
RECKLESS,
RECKLESSLY,
RECKLESSNESS,
REDACT,
REDACTED,
REDACTING,
REDACTION,
REDACTIONS,
REDEFAULT,
REDEFAULTED,
REDEFAULTS,
REDRESS,
REDRESSED,
REDRESSES,
REDRESSING,
REFUSAL,
REFUSALS,
REFUSE,
REFUSED,
REFUSES,
REFUSING,
REJECT,
REJECTED,
REJECTING,
REJECTION,
REJECTIONS,
REJECTS,
RELINQUISH,
RELINQUISHED,
RELINQUISHES,
RELINQUISHING,
RELINQUISHMENT,
RELINQUISHMENTS,
RELUCTANCE,
RELUCTANT,
RENEGOTIATE,
RENEGOTIATED,
RENEGOTIATES,
RENEGOTIATING,
RENEGOTIATION,
RENEGOTIATIONS,
RENOUNCE,
RENOUNCED,
RENOUNCEMENT,
RENOUNCEMENTS,
RENOUNCES,
RENOUNCING,
REPARATION,
REPARATIONS,
REPOSSESSED,
REPOSSESSES,
REPOSSESSING,
REPOSSESSION,
REPOSSESSIONS,
REPUDIATE,
REPUDIATED,
REPUDIATES,
REPUDIATING,
REPUDIATION,
REPUDIATIONS,
RESIGN,
RESIGNATION,
RESIGNATIONS,
RESIGNED,
RESIGNING,
RESIGNS,
RESTATE,
RESTATED,
RESTATEMENT,
RESTATEMENTS,
RESTATES,
RESTATING,
RESTRUCTURE,
RESTRUCTURED,
RESTRUCTURES,
RESTRUCTURING,
RESTRUCTURINGS,
RETALIATE,
RETALIATED,
RETALIATES,
RETALIATING,
RETALIATION,
RETALIATIONS,
RETALIATORY,
RETRIBUTION,
RETRIBUTIONS,
REVOCATION,
REVOCATIONS,
REVOKE,
REVOKED,
REVOKES,
REVOKING,
RIDICULE,
RIDICULED,
RIDICULES,
RIDICULING,
RISKIER,
RISKIEST,
RISKY,
SABOTAGE,
SACRIFICE,
SACRIFICED,
SACRIFICES,
SACRIFICIAL,
SACRIFICING,
SCANDALOUS,
SCANDALS,
SCRUTINIZE,
SCRUTINIZED,
SCRUTINIZES,
SCRUTINIZING,
SCRUTINY,
SECRECY,
SEIZE,
SEIZED,
SEIZES,
SEIZING,
SENTENCED,
SENTENCING,
SERIOUS,
SERIOUSLY,
SERIOUSNESS,
SETBACK,
SETBACKS,
SEVER,
SEVERE,
SEVERED,
SEVERELY,
SEVERITIES,
SEVERITY,
SHARPLY,
SHOCKED,
SHORTAGE,
SHORTAGES,
SHORTFALL,
SHORTFALLS,
SHRINKAGE,
SHRINKAGES,
SHUT,
SHUTDOWN,
SHUTDOWNS,
SHUTS,
SHUTTING,
SLANDER,
SLANDERED,
SLANDEROUS,
SLANDERS,
SLIPPAGE,
SLIPPAGES,
SLOW,
SLOWDOWN,
SLOWDOWNS,
SLOWED,
SLOWER,
SLOWEST,
SLOWING,
SLOWLY,
SLOWNESS,
SLUGGISH,
SLUGGISHLY,
SLUGGISHNESS,
SOLVENCIES,
SOLVENCY,
SPAM,
SPAMMERS,
SPAMMING,
STAGGERING,
STAGNANT,
STAGNATE,
STAGNATED,
STAGNATES,
STAGNATING,
STAGNATION,
STANDSTILL,
STANDSTILLS,
STOLEN,
STOPPAGE,
STOPPAGES,
STOPPED,
STOPPING,
STOPS,
STRAIN,
STRAINED,
STRAINING,
STRAINS,
STRESS,
STRESSED,
STRESSES,
STRESSFUL,
STRESSING,
STRINGENT,
SUBJECTED,
SUBJECTING,
SUBJECTION,
SUBPOENA,
SUBPOENAED,
SUBPOENAS,
SUBSTANDARD,
SUE,
SUED,
SUES,
SUFFER,
SUFFERED,
SUFFERING,
SUFFERS,
SUING,
SUMMONED,
SUMMONING,
SUMMONS,
SUMMONSES,
SUSCEPTIBILITY,
SUSCEPTIBLE,
SUSPECT,
SUSPECTED,
SUSPECTS,
SUSPEND,
SUSPENDED,
SUSPENDING,
SUSPENDS,
SUSPENSION,
SUSPENSIONS,
SUSPICION,
SUSPICIONS,
SUSPICIOUS,
SUSPICIOUSLY,
TAINT,
TAINTED,
TAINTING,
TAINTS,
TAMPERED,
TENSE,
TERMINATE,
TERMINATED,
TERMINATES,
TERMINATING,
TERMINATION,
TERMINATIONS,
TESTIFY,
TESTIFYING,
THREAT,
THREATEN,
THREATENED,
THREATENING,
THREATENS,
THREATS,
TIGHTENING,
TOLERATE,
TOLERATED,
TOLERATES,
TOLERATING,
TOLERATION,
TORTUOUS,
TORTUOUSLY,
TRAGEDIES,
TRAGEDY,
TRAGIC,
TRAGICALLY,
TRAUMATIC,
TROUBLE,
TROUBLED,
TROUBLES,
TURBULENCE,
TURMOIL,
UNABLE,
UNACCEPTABLE,
UNACCEPTABLY,
UNACCOUNTED,
UNANNOUNCED,
UNANTICIPATED,
UNAPPROVED,
UNATTRACTIVE,
UNAUTHORIZED,
UNAVAILABILITY,
UNAVAILABLE,
UNAVOIDABLE,
UNAVOIDABLY,
UNAWARE,
UNCOLLECTABLE,
UNCOLLECTED,
UNCOLLECTIBILITY,
UNCOLLECTIBLE,
UNCOLLECTIBLES,
UNCOMPETITIVE,
UNCOMPLETED,
UNCONSCIONABLE,
UNCONSCIONABLY,
UNCONTROLLABLE,
UNCONTROLLABLY,
UNCONTROLLED,
UNCORRECTED,
UNCOVER,
UNCOVERED,
UNCOVERING,
UNCOVERS,
UNDELIVERABLE,
UNDELIVERED,
UNDERCAPITALIZED,
UNDERCUT,
UNDERCUTS,
UNDERCUTTING,
UNDERESTIMATE,
UNDERESTIMATED,
UNDERESTIMATES,
UNDERESTIMATING,
UNDERESTIMATION,
UNDERFUNDED,
UNDERINSURED,
UNDERMINE,
UNDERMINED,
UNDERMINES,
UNDERMINING,
UNDERPAID,
UNDERPAYMENT,
UNDERPAYMENTS,
UNDERPAYS,
UNDERPERFORM,
UNDERPERFORMANCE,
UNDERPERFORMED,
UNDERPERFORMING,
UNDERPERFORMS,
UNDERPRODUCED,
UNDERPRODUCTION,
UNDERREPORTING,
UNDERSTATE,
UNDERSTATED,
UNDERSTATEMENT,
UNDERSTATEMENTS,
UNDERSTATES,
UNDERSTATING,
UNDERUTILIZATION,
UNDERUTILIZED,
UNDESIRABLE,
UNDESIRED,
UNDETECTED,
UNDETERMINED,
UNDISCLOSED,
UNDOCUMENTED,
UNDUE,
UNDULY,
UNECONOMIC,
UNECONOMICAL,
UNECONOMICALLY,
UNEMPLOYED,
UNEMPLOYMENT,
UNETHICAL,
UNETHICALLY,
UNEXCUSED,
UNEXPECTED,
UNEXPECTEDLY,
UNFAIR,
UNFAIRLY,
UNFAVORABILITY,
UNFAVORABLE,
UNFAVORABLY,
UNFAVOURABLE,
UNFEASIBLE,
UNFIT,
UNFITNESS,
UNFORESEEABLE,
UNFORESEEN,
UNFORSEEN,
UNFORTUNATE,
UNFORTUNATELY,
UNFOUNDED,
UNFRIENDLY,
UNFULFILLED,
UNFUNDED,
UNINSURED,
UNINTENDED,
UNINTENTIONAL,
UNINTENTIONALLY,
UNJUST,
UNJUSTIFIABLE,
UNJUSTIFIABLY,
UNJUSTIFIED,
UNJUSTLY,
UNKNOWING,
UNKNOWINGLY,
UNLAWFUL,
UNLAWFULLY,
UNLICENSED,
UNLIQUIDATED,
UNMARKETABLE,
UNMERCHANTABLE,
UNMERITORIOUS,
UNNECESSARILY,
UNNECESSARY,
UNNEEDED,
UNOBTAINABLE,
UNOCCUPIED,
UNPAID,
UNPERFORMED,
UNPLANNED,
UNPOPULAR,
UNPREDICTABILITY,
UNPREDICTABLE,
UNPREDICTABLY,
UNPREDICTED,
UNPRODUCTIVE,
UNPROFITABILITY,
UNPROFITABLE,
UNQUALIFIED,
UNREALISTIC,
UNREASONABLE,
UNREASONABLENESS,
UNREASONABLY,
UNRECEPTIVE,
UNRECOVERABLE,
UNRECOVERED,
UNREIMBURSED,
UNRELIABLE,
UNREMEDIED,
UNREPORTED,
UNRESOLVED,
UNREST,
UNSAFE,
UNSALABLE,
UNSALEABLE,
UNSATISFACTORY,
UNSATISFIED,
UNSAVORY,
UNSCHEDULED,
UNSELLABLE,
UNSOLD,
UNSOUND,
UNSTABILIZED,
UNSTABLE,
UNSUBSTANTIATED,
UNSUCCESSFUL,
UNSUCCESSFULLY,
UNSUITABILITY,
UNSUITABLE,
UNSUITABLY,
UNSUITED,
UNSURE,
UNSUSPECTED,
UNSUSPECTING,
UNSUSTAINABLE,
UNTENABLE,
UNTIMELY,
UNTRUSTED,
UNTRUTH,
UNTRUTHFUL,
UNTRUTHFULLY,
UNTRUTHFULNESS,
UNTRUTHS,
UNUSABLE,
UNWANTED,
UNWARRANTED,
UNWELCOME,
UNWILLING,
UNWILLINGNESS,
UPSET,
URGENCY,
URGENT,
USURIOUS,
USURP,
USURPED,
USURPING,
USURPS,
USURY,
VANDALISM,
VERDICT,
VERDICTS,
VETOED,
VICTIMS,
VIOLATE,
VIOLATED,
VIOLATES,
VIOLATING,
VIOLATION,
VIOLATIONS,
VIOLATIVE,
VIOLATOR,
VIOLATORS,
VIOLENCE,
VIOLENT,
VIOLENTLY,
VITIATE,
VITIATED,
VITIATES,
VITIATING,
VITIATION,
VOIDED,
VOIDING,
VOLATILE,
VOLATILITY,
VULNERABILITIES,
VULNERABILITY,
VULNERABLE,
VULNERABLY,
WARN,
WARNED,
WARNING,
WARNINGS,
WARNS,
WASTED,
WASTEFUL,
WASTING,
WEAK,
WEAKEN,
WEAKENED,
WEAKENING,
WEAKENS,
WEAKER,
WEAKEST,
WEAKLY,
WEAKNESS,
WEAKNESSES,
WILLFULLY,
WORRIES,
WORRY,
WORRYING,
WORSE,
WORSEN,
WORSENED,
WORSENING,
WORSENS,
WORST,
WORTHLESS,
WRITEDOWN,
WRITEDOWNS,
WRITEOFF,
WRITEOFFS,
WRONG,
WRONGDOING,
WRONGDOINGS,
WRONGFUL,
WRONGFULLY,
WRONGLY,
